<?xml version="1.0" encoding="UTF-8"?>
<beans xmlns="http://www.springframework.org/schema/beans" xmlns:xsi="http://www.w3.org/2001/XMLSchema-instance"
       xmlns:p="http://www.springframework.org/schema/p"
       xmlns:context="http://www.springframework.org/schema/context" xmlns:webflow="http://www.springframework.org/schema/webflow-config"
       xsi:schemaLocation="http://www.springframework.org/schema/beans http://www.springframework.org/schema/beans/spring-beans.xsd
         http://www.springframework.org/schema/context http://www.springframework.org/schema/context/spring-context-2.5.xsd
         http://www.springframework.org/schema/webflow-config http://www.springframework.org/schema/webflow-config/spring-webflow-config-2.0.xsd"
       default-autowire="byName">

    <bean id="helloWorld" class="cn.edu.nuaa.demo.HelloWorld"></bean>
   
    <bean id="moduleConfig" class="com.alipay.jarslink.api.ModuleConfig"/>
    
    <!-- 模块加载引擎 -->
    <bean id="moduleLoader" class="cn.edu.nuaa.dynamic.api.ModuleLoaderImpl"></bean>
    
    <bean id="helloBeanPostProcessor" class="cn.edu.nuaa.dynamic.refresh.HelloBeanPostProcessor"></bean>
    
    
    <!-- 模块加载引擎 -->
    <!-- <bean name="moduleLoader" class="com.alipay.jarslink.api.impl.ModuleLoaderImpl"></bean>
	
    模块管理器
    <bean name="moduleManager" class="com.alipay.jarslink.api.impl.ModuleManagerImpl"></bean>
    
    模块配置 
    <bean id="moduleConfig" class="com.alipay.jarslink.api.ModuleConfig"/>
    
    <bean id="moduleRefresh" class="cn.edu.nuaa.dynamic.refresh.ModuleRefresh">
    	<property name="moduleLoader" ref="moduleLoader"/>
    	<property name="moduleManager" ref="moduleManager"/>
    </bean> -->
</beans>
